[
  {
    "accountNumber": "1234567890",
    "name": "John Doe",
    "bankName": "Global Bank Nigeria",
    "accountType": "savings",
    "currency": "NGN",
    "phone": "+2348012345678",
    "email": "john@example.com",
    "agbCode": "98765432B",
    "balance": 1000,
    "status": "approved",
    "kycStatus": "pending",
    "createdAt": "2026-02-08T14:46:25.996Z",
    "updatedAt": "2026-02-08T14:46:25.996Z"
  },
  {
    "accountNumber": "9876543210",
    "name": "Jane Smith",
    "bankName": "Global Bank Nigeria",
    "accountType": "savings",
    "currency": "NGN",
    "phone": "+2348123456789",
    "email": "jane@example.com",
    "agbCode": "56789012C",
    "balance": 10000,
    "status": "approved",
    "kycStatus": "pending",
    "createdAt": "2026-02-08T15:35:46.443Z",
    "updatedAt": "2026-02-08T15:35:59.157Z"
  }
]