[
  {
    "type": "new_account",
    "accountNumber": "9876543210",
    "message": "New account created: Jane Smith",
    "timestamp": "2026-02-08T15:35:46.443Z"
  },
  {
    "type": "balance_change",
    "accountNumber": "9876543210",
    "message": "Balance updated for account 9876543210",
    "timestamp": "2026-02-08T15:35:59.157Z"
  },
  {
    "type": "transaction_sent",
    "accountNumber": "9876543210",
    "message": "You sent 500 NGN to 1234567890",
    "timestamp": "2026-02-08T15:36:06.483Z"
  },
  {
    "type": "transaction_received",
    "accountNumber": "1234567890",
    "message": "You received 500 NGN from 9876543210",
    "timestamp": "2026-02-08T15:36:06.484Z"
  }
]